{"tl": [647.3869247436523, 51.210289001464844], "tr": [70.28033447265625, 52.551326751708984], "bl": [591.7712326049805, 412.32364654541016], "br": [113.87387466430664, 413.27178955078125]}